{
  "frame_index": 22,
  "image_width": 1280,
  "image_height": 720,
  "object_points": [
    [
      331.3676731793961,
      386.2166962699822
    ],
    [
      282.4866785079929,
      493.6412078152753
    ],
    [
      331.3676731793961,
      524.3339253996447
    ],
    [
      593.9609236234458,
      381.101243339254
    ],
    [
      622.380106571936,
      462.94849023090586
    ],
    [
      580.3197158081705,
      498.75666074600355
    ],
    [
      588.2770870337478,
      438.6500888099467
    ],
    [
      584.866785079929,
      560.1420959147424
    ],
    [
      584.866785079929,
      630.4795737122557
    ],
    [
      586.0035523978685,
      685.4706927175844
    ],
    [
      640.5683836589698,
      602.3445825932504
    ],
    [
      591.6873889875666,
      616.4120781527531
    ],
    [
      863.3747779751332,
      604.9023090586146
    ],
    [
      858.8277087033747,
      636.873889875666
    ],
    [
      922.4866785079928,
      320.9946714031972
    ],
    [
      915.6660746003552,
      350.4085257548845
    ],
    [
      894.0674955595026,
      428.41918294849023
    ],
    [
      886.1101243339253,
      498.75666074600355
    ],
    [
      873.6056838365896,
      546.0746003552398
    ],
    [
      1066.8561278863233,
      658.6145648312611
    ],
    [
      1050.9413854351687,
      681.6341030195382
    ],
    [
      804.2628774422735,
      565.2575488454706
    ],
    [
      347.2824156305506,
      579.3250444049734
    ],
    [
      342.7353463587922,
      635.595026642984
    ],
    [
      343.8721136767318,
      691.8650088809947
    ]
  ],
  "background_points": [
    [
      844.0497335701598,
      588.2770870337478
    ],
    [
      825.8614564831261,
      631.7584369449378
    ],
    [
      884.9733570159857,
      603.6234458259325
    ],
    [
      886.1101243339253,
      641.9893428063943
    ],
    [
      805.399644760213,
      526.8916518650088
    ],
    [
      761.0657193605683,
      560.1420959147424
    ],
    [
      395.0266429840142,
      525.6127886323268
    ],
    [
      289.30728241563054,
      459.1119005328597
    ],
    [
      264.2984014209591,
      657.335701598579
    ],
    [
      517.7975133214919,
      482.13143872113676
    ],
    [
      613.2859680284191,
      448.8809946714032
    ],
    [
      604.1918294849023,
      592.1136767317939
    ],
    [
      629.2007104795737,
      580.6039076376554
    ],
    [
      656.4831261101243,
      575.4884547069272
    ],
    [
      666.7140319715808,
      621.5275310834813
    ],
    [
      629.2007104795737,
      631.7584369449378
    ],
    [
      621.2433392539964,
      640.7104795737123
    ],
    [
      542.8063943161634,
      615.133214920071
    ],
    [
      546.2166962699822,
      640.7104795737123
    ],
    [
      541.6696269982237,
      685.4706927175844
    ],
    [
      781.5275310834813,
      672.6820603907638
    ],
    [
      931.5808170515097,
      520.4973357015986
    ],
    [
      944.0852575488454,
      443.76554174067496
    ],
    [
      957.7264653641207,
      292.8596802841918
    ],
    [
      894.0674955595026,
      269.84014209591476
    ],
    [
      866.785079928952,
      346.57193605683835
    ],
    [
      853.1438721136767,
      420.74600355239784
    ],
    [
      838.3658969804618,
      487.246891651865
    ],
    [
      1012.291296625222,
      673.9609236234459
    ],
    [
      1058.898756660746,
      618.9698046181172
    ],
    [
      1090.728241563055,
      613.854351687389
    ],
    [
      1095.2753108348134,
      661.1722912966252
    ],
    [
      1078.2238010657193,
      695.7015985790408
    ],
    [
      538.2593250444049,
      560.1420959147424
    ],
    [
      547.3534635879219,
      393.8898756660746
    ],
    [
      546.2166962699822,
      346.57193605683835
    ],
    [
      628.063943161634,
      329.94671403197157
    ],
    [
      651.9360568383659,
      359.360568383659
    ],
    [
      678.0817051509769,
      478.2948490230906
    ],
    [
      323.4103019538188,
      322.27353463587923
    ],
    [
      371.1545293072824,
      356.80284191829486
    ],
    [
      397.3001776198934,
      432.2557726465364
    ],
    [
      399.57371225577265,
      462.94849023090586
    ],
    [
      288.17051509769095,
      400.2841918294849
    ]
  ],
  "static_background_points": [],
  "object_brush_strokes": [],
  "background_brush_strokes": [],
  "static_background_brush_strokes": [],
  "bounding_boxes": [],
  "timestamp": "2026-06-15T17:09:10.753574+00:00",
  "tool_version": "1.0"
}