{
  "frame_index": 0,
  "image_width": 1280,
  "image_height": 720,
  "object_points": [
    [
      334.7779751332149,
      447.60213143872113
    ],
    [
      586.0035523978685,
      450.15985790408524
    ],
    [
      582.5932504440497,
      502.5932504440497
    ],
    [
      584.866785079929,
      622.8063943161634
    ],
    [
      587.1403197158081,
      677.797513321492
    ],
    [
      854.2806394316162,
      618.9698046181172
    ],
    [
      856.5541740674955,
      654.7779751332149
    ],
    [
      902.0248667850799,
      401.56305506216694
    ],
    [
      900.8880994671403,
      427.1403197158082
    ],
    [
      891.7939609236234,
      450.15985790408524
    ],
    [
      882.6998223801065,
      493.6412078152753
    ],
    [
      1041.8472468916518,
      709.7690941385436
    ],
    [
      866.785079928952,
      576.7673179396093
    ],
    [
      873.6056838365896,
      535.8436944937833
    ],
    [
      819.0408525754884,
      584.4404973357016
    ],
    [
      854.2806394316162,
      691.8650088809947
    ],
    [
      350.6927175843694,
      708.4902309058615
    ],
    [
      347.2824156305506,
      676.51865008881
    ],
    [
      346.145648312611,
      630.4795737122557
    ],
    [
      338.1882770870337,
      593.392539964476
    ],
    [
      337.05150976909414,
      502.5932504440497
    ],
    [
      340.46181172291296,
      524.3339253996447
    ]
  ],
  "background_points": [
    [
      415.48845470692714,
      469.34280639431614
    ],
    [
      316.5896980461811,
      485.96802841918293
    ],
    [
      310.9058614564831,
      560.1420959147424
    ],
    [
      381.38543516873887,
      555.0266429840142
    ],
    [
      606.4653641207815,
      589.5559502664298
    ],
    [
      639.4316163410301,
      644.5470692717585
    ],
    [
      546.2166962699822,
      617.6909413854352
    ],
    [
      550.7637655417407,
      526.8916518650088
    ],
    [
      609.8756660746003,
      462.94849023090586
    ],
    [
      867.9218472468916,
      369.5914742451154
    ],
    [
      838.3658969804618,
      501.31438721136766
    ],
    [
      841.7761989342806,
      548.6323268206039
    ],
    [
      812.2202486678508,
      643.2682060390764
    ],
    [
      890.6571936056838,
      590.8348134991119
    ],
    [
      888.3836589698045,
      658.6145648312611
    ],
    [
      966.8206039076376,
      400.2841918294849
    ],
    [
      1013.4280639431615,
      705.9325044404973
    ],
    [
      1054.3516873889876,
      658.6145648312611
    ],
    [
      1071.4031971580816,
      700.817051509769
    ]
  ],
  "static_background_points": [],
  "object_brush_strokes": [],
  "background_brush_strokes": [],
  "static_background_brush_strokes": [],
  "bounding_boxes": [],
  "timestamp": "2026-06-15T17:07:58.672210+00:00",
  "tool_version": "1.0"
}